<?xml version="1.0" encoding="UTF-8" standalone="yes"?>
<manifest>
  <control namespace="LookupNotesViewer" constructor="LookupNotesViewer" version="2020.26.1" display-name-key="LookupNotesViewer" description-key="A control to show Notes related to a Lookup Field." control-type="standard" api-version="1.2.1">
    <property name="fieldName" display-name-key="FieldName" description-key="something" usage="bound" of-type="SingleLine.Text" required="true"/>
    <property name="lookupField" display-name-key="LookupField" description-key="Logical name of the Lookup field to generate the Note Table" usage="input" of-type="SingleLine.Text" required="true"/>
    <property name="emptyMessage" display-name-key="EmptyMessage" description-key="Message to show if no notes are available" usage="input" of-type="SingleLine.Text"/>
    <property name="dateTimeFormat" display-name-key="DateTimeFormat" description-key="Date Time format used to render. Default Day/Month/Year Hour:Min" usage="input" of-type="SingleLine.Text"/>
    <resources>
      <code path="bundle.js" order="1"/>
      <css path="css/font-awesome-4-7-0.css" order="3"/>
      <css path="css/table.css" order="3"/>
    </resources>
    <feature-usage>
      <uses-feature name="WebAPI" required="true"/>
    </feature-usage>
    <built-by name="pac" version="1.0.6"/>
  </control>
</manifest>